variant,model,accuracy,precision,recall,f1
1day_strict,Baseline: Majority Class,0.46576537287396425,0.0,0.0,0.0
1day_strict,Baseline: Persistence,0.4971652856519843,0.5294117647058824,0.5289795918367347,0.5291955900367497
1day_strict,Logistic Regression - RAW price features,0.5324901875272569,0.5334207077326344,0.996734693877551,0.6949345475241889
1day_strict,Logistic Regression - ENGINEERED features,0.5028347143480157,0.5386012715712988,0.4840816326530612,0.5098882201203784
1day_strict,Random Forest - ENGINEERED features,0.5237679895333625,0.5405240706886045,0.7240816326530612,0.6189811584089323
1day_strict,Gradient Boosting - ENGINEERED features,0.5076319232446577,0.5508474576271186,0.42448979591836733,0.479483633010604
1day_deadzone,Baseline: Majority Class,0.5656934306569343,0.5656934306569343,1.0,0.7226107226107226
1day_deadzone,Baseline: Persistence,0.5284671532846715,0.5832258064516129,0.5832258064516129,0.5832258064516129
1day_deadzone,Logistic Regression - RAW price features,0.5656934306569343,0.5656934306569343,1.0,0.7226107226107226
1day_deadzone,Logistic Regression - ENGINEERED features,0.5489051094890511,0.5951515151515151,0.6335483870967742,0.61375
1day_deadzone,Random Forest - ENGINEERED features,0.5605839416058395,0.5715467328370554,0.8916129032258064,0.6965725806451613
1day_deadzone,Gradient Boosting - ENGINEERED features,0.5518248175182482,0.5777777777777777,0.7716129032258064,0.6607734806629835
5day_strict,Baseline: Majority Class,0.5800261665939817,0.5800261665939817,1.0,0.7341981783052719
5day_strict,Baseline: Persistence,0.8198866114260793,0.8444778362133734,0.8451127819548873,0.8447951897782788
5day_strict,Logistic Regression - RAW price features,0.5800261665939817,0.5800261665939817,1.0,0.7341981783052719
5day_strict,Logistic Regression - ENGINEERED features,0.5050152638464893,0.5810473815461347,0.5255639097744361,0.5519147256217923
5day_strict,Random Forest - ENGINEERED features,0.5726122982991714,0.5791139240506329,0.9631578947368421,0.7233201581027668
5day_strict,Gradient Boosting - ENGINEERED features,0.46750981247274315,0.5971479500891266,0.2518796992481203,0.35430988894764676
5day_nonoverlap,Baseline: Majority Class,0.5729847494553377,0.5729847494553377,1.0,0.7285318559556787
5day_nonoverlap,Baseline: Persistence,0.5315904139433552,0.5909090909090909,0.5931558935361216,0.5920303605313093
5day_nonoverlap,Logistic Regression - RAW price features,0.5773420479302832,0.5754923413566739,1.0,0.7305555555555555
5day_nonoverlap,Logistic Regression - ENGINEERED features,0.5119825708061002,0.5844155844155844,0.5133079847908745,0.5465587044534413
5day_nonoverlap,Random Forest - ENGINEERED features,0.5555555555555556,0.5678160919540229,0.9391634980988594,0.7077363896848138
5day_nonoverlap,Gradient Boosting - ENGINEERED features,0.5076252723311547,0.5719844357976653,0.55893536121673,0.5653846153846154
